DELETE FROM student;
DELETE FROM grade;
DELETE FROM plan;
DELETE FROM teacher;
DELETE FROM tmission;



INSERT INTO major(mno,mname) VALUES
    (10,'信息管理与信息系统'),
    (11,'财务管理');


INSERT INTO student (sno, stu_mno,sname,skey, ssex)  VALUES
    (210011,10,'张3',210011,'男'),
    (210012,11,'王五',210012,'男'),
    (210013,11,'林一',210013,'女'),
    (210014,10,'李四',210014,'男');
    



INSERT INTO course (cno,cname,ccredit)  VALUES
    (34,'信息系统开发',4),
    (33,'系统工程',2),
    (31,'网络经济学',3),
    (38,'经济学原理',4),
    (37,'计算机网络',3),
    (30,'会计学原理',3),
    (41,'管理统计学',3),
    (42,'概率论与数理统计',5),
    (43,'中级财务会计',4);


INSERT INTO grade (g_sno, g_cno, grade)  VALUES 
    (210011,34,85),
    (210014,34,87),
    (210011,33,90),
    (210014,33,91),
    (210011,31,87),
    (210014,31,64),
    (210012,38,76),
    (210013,38,65),
    (210011,37,45),
    (210014,37,76),
    (210012,30,57),
    (210013,30,89),
    (210011,41,97),
    (210014,41,54),
    (210012,42,68),
    (210013,42,76),
    (210012,43,76),
    (210013,43,89); 

INSERT INTO plan (p_mno,p_cno,pterm)  VALUES
    (11,43,'3'),
    (11,42,'3'),
    (10,41,'3'),
    (11,38,'3'),
    (10,37,'3 '),
    (10,34,'3'),
    (10,33,'3'),
    (10,31,'3'),
    (11,30,'3');

 

INSERT INTO teacher (tno, tkey, tname, tsex, ttitle)  VALUES
    (110091,100000,'李华','男','讲师'),
    (110092,100000,'王红','女','副教授'),
    (110093,100000,'刘莹','女','讲师'),
    (110094,100000,'刘晓明','男','教授'),
    (110095,100000,'王毅','男','副教授'),
    (110096,100000,'刘一','女','教授');

INSERT INTO tmission (tm_cno, tm_tno, tmplace, tmtime, tmweek)  VALUES
    (34,110095,'A401','周1第3大节','1-16周'),
    (33,110096,'C105','周5第3大节','1-16周'),
    (31,110092,'A215','周2第3大节','1-13周'),
    (38,110092,'C105','周1第1大节','1-16周'),
    (37,110093,'B111','周2第2大节','1-12周'),
    (30,110094,'B101','周4第4大节','1-15周'),
    (41,110093,'B211','周3第3大节','1-16周'),
    (42,110091,'B116','周2第2大节','1-16周'),
    (43,110094,'C209','周5第2大节','1-16周'),
    (34,110095,'A401','周4第1大节','1-16周'),
    (37,110093,'B111','周4第2大节','1-12周单周'),
    (31,110092,'A215','周4第4大节','1-13周单周'),
    (38,110092,'C105','周3第4大节','1-16周'),
    (30,110094,'B101','周2第3大节','1-15周双周'),
    (42,110091,'B116','周1第3大节','1-16周'),
    (42,110091,'B116','周4第2大节','1-16周双周'),
    (41,110093,'B211','周1第2大节','1-16周单周'),
    (43,110094,'C209','周3第1大节','1-16周');

